{
  "text1": {
    "pipeA": 0.9406654834747314,
    "pipeB": 0.9780479669570923,
    "pipeC": 0.9953362941741943
  },
  "text2": {
    "pipeA": 0.9631388187408447,
    "pipeB": 0.9364231824874878,
    "pipeC": 0.9889971017837524
  }
}